customer_id,customer_name,segment,total_sales,total_profit,avg_margin,orders
AA-10315,Alex Avila,Consumer,5563.56,-362.88250000000005,0.265,11
AA-10375,Allen Armold,Consumer,1056.39,277.3824,0.319,15
AA-10480,Andrew Allen,Consumer,1790.512,435.8274,0.3308333333333333,12
AA-10645,Anna Andreadi,Consumer,5086.935,857.8033,0.2441425459072518,18
AB-10015,Aaron Bergman,Consumer,886.156,129.3465,0.10541666666666667,6
AB-10060,Adam Bellavance,Home Office,7755.62,2054.5885,0.34458333333333335,18
AB-10105,Adrian Barton,Consumer,14473.571,5444.8054999999995,-0.083125,20
AB-10150,Aimee Bixby,Consumer,966.71,313.6597,0.2147916666666667,12
AB-10165,Alan Barnes,Consumer,1113.838,220.813,0.24206632653061225,14
AB-10255,Alejandro Ballentine,Home Office,914.5319999999999,264.5675,0.3068452380952381,14
AB-10600,Ann Blume,Corporate,1515.862,-274.9604,-0.33479166666666665,8
AC-10420,Alyssa Crouse,Corporate,925.8,-62.1342,-0.1925,5
AC-10450,Amy Cox,Consumer,5527.846,1366.0098,0.13222222222222224,9
AC-10615,Ann Chong,Corporate,2537.686,298.82730000000004,0.15125,18
AC-10660,Anna Chung,Consumer,657.316,-28.700399999999995,0.06160714285714287,6
AD-10180,Alan Dominguez,Home Office,6106.88,1869.9294,0.3019345238095238,12
AF-10870,Art Ferguson,Consumer,2052.908,317.9712,-0.07939732142857144,16
AF-10885,Art Foster,Consumer,861.5649999999999,-163.1175,-0.1219047619047619,7
AG-10270,Alejandro Grove,Consumer,2582.898,732.7399,0.27071428571428574,14
AG-10300,Aleksandra Gannaway,Corporate,367.548,59.288399999999996,0.2425,5
AG-10330,Alex Grayson,Consumer,660.972,-5.137099999999995,-0.0027777777777777957,9
AG-10390,Allen Goldenen,Consumer,200.945,69.2784,0.09947916666666666,8
AG-10495,Andrew Gjertsen,Corporate,2356.855,295.6668,0.17664021164021165,21
AG-10525,Andy Gerbode,Corporate,1455.038,-152.7613,0.1762037037037037,9
AG-10675,Anna Gayman,Consumer,3489.0396,-246.4257,0.13727170868347338,15
AG-10765,Anthony Garverick,Home Office,170.584,-8.431000000000001,-0.604,5
AG-10900,Arthur Gainer,Consumer,4510.7970000000005,343.68240000000003,0.09398659463785515,21
AH-10030,Aaron Hawkins,Corporate,1744.7,365.2152,0.3104545454545454,11
AH-10075,Adam Hart,Corporate,3250.337,281.189,0.16847619047619047,20
AH-10120,Adrian Hane,Home Office,1735.5140000000001,-2.314599999999977,-0.03526041666666667,16
AH-10195,Alan Haines,Corporate,1587.452,-378.5509,-0.24069940476190477,8
AH-10210,Alan Hwang,Consumer,4805.344,1308.5546,0.2996153846153846,13
AH-10465,Amy Hunt,Consumer,2495.3916,-196.12009999999998,0.13237132352941178,8
AH-10585,Angele Hood,Consumer,738.504,83.963,0.1885,5
AH-10690,Anna Häberlin,Corporate,7888.294,1298.0166,-0.013985507246376795,23
AI-10855,Arianne Irving,Consumer,4375.786,867.7271000000001,0.31220238095238095,18
AJ-10780,Anthony Jacobs,Corporate,4867.344,150.71300000000002,0.20794444444444446,15
AJ-10795,Anthony Johnson,Corporate,4501.391,1158.7064,0.2638795518207283,21
AJ-10945,Ashley Jarboe,Consumer,1839.24,521.1351999999999,0.27649999999999997,10
AJ-10960,Astrea Jones,Consumer,629.2479999999999,60.4265,0.2705,5
AM-10360,Alice McCarthy,Corporate,814.012,194.9878,0.2916666666666667,12
AM-10705,Anne McFarland,Consumer,5664.022,1085.7326,0.24562229437229438,22
AO-10810,Anthony O'Donnell,Corporate,161.28,12.096,0.075,1
AP-10720,Anne Pryor,Home Office,1638.5539999999999,285.7888,0.1788157894736842,19
AP-10915,Arthur Prichep,Consumer,3323.556,579.3113,0.23924731182795697,31
AR-10345,Alex Russell,Corporate,1055.694,-221.0544,-0.018690476190476188,5
AR-10405,Allen Rosenblatt,Corporate,2236.128,-98.76459999999999,0.20392857142857143,7
AR-10510,Andrew Roberts,Consumer,264.864,43.6695,0.05345238095238095,7
AR-10540,Andy Reiter,Consumer,6608.448,2884.6207999999997,0.3844444444444445,9
AR-10570,Anemone Ratner,Consumer,88.15,32.633,0.385,2
AR-10825,Anthony Rawles,Corporate,4523.336,494.8352,0.21243284493284492,13
AS-10045,Aaron Smayling,Corporate,3050.692,-253.57459999999998,-0.11943627450980393,10
AS-10090,Adam Shillingsburg,Consumer,3255.31,64.53739999999998,0.09651111111111112,25
AS-10135,Adrian Shami,Home Office,58.82,21.8496,0.3925,3
AS-10225,Alan Schoenberger,Corporate,4260.784000000001,719.7751000000001,0.2692307692307692,13
AS-10240,Alan Shonely,Consumer,584.6080000000001,33.715799999999994,-0.0031410256410256453,13
AS-10285,Alejandro Savely,Corporate,3214.236,354.62760000000003,-0.07895833333333337,8
AS-10630,Ann Steele,Home Office,833.398,136.49190000000002,0.28944444444444445,12
AT-10435,Alyssa Tate,Home Office,1171.814,100.8768,0.02685185185185186,9
AT-10735,Annie Thurman,Consumer,3831.864,974.107,0.23390625,16
AW-10840,Anthony Witt,Consumer,649.376,65.7725,-0.03187499999999999,8
AW-10930,Arthur Wiediger,Home Office,2852.9680000000003,-104.54860000000001,-0.25370535714285714,16
AY-10555,Andy Yotov,Corporate,497.014,103.3499,0.267,10
AZ-10750,Annie Zypern,Consumer,1622.018,154.9503,0.19002314814814816,12
BB-10990,Barry Blumstein,Corporate,744.34,11.583900000000007,-0.03499999999999999,8
BB-11545,Brenda Bowman,Corporate,6765.728,1015.0749999999999,-0.12601785714285713,20
BC-11125,Becky Castell,Home Office,2933.676,251.5974,0.16546516754850088,18
BD-11320,Bill Donatelli,Consumer,5718.521,1094.5037,0.2432330827067669,19
BD-11500,Bradley Drucker,Consumer,4411.2429999999995,1142.1225,0.10626470588235296,10
BD-11560,Brendan Dodson,Home Office,320.54,116.714,0.42,4
BD-11605,Brian Dahlen,Consumer,3288.471,634.8463,0.28871323529411763,20
BD-11620,Brian DeCherney,Consumer,1538.11,206.7569,0.08364583333333334,8
BD-11635,Brian Derr,Consumer,582.646,141.534,0.28405555555555556,5
BD-11725,Bruce Degenhardt,Consumer,1526.5,333.9791,0.3115,10
BD-11770,Bryan Davis,Consumer,658.466,141.265,0.25975,10
BE-11335,Bill Eplett,Home Office,4204.676,1487.7739000000001,0.3575,9
BE-11410,Bobby Elias,Consumer,2261.438,755.9151,0.34600000000000003,5
BE-11455,Brad Eason,Home Office,1727.652,139.20080000000002,0.14647435897435898,13
BF-10975,Barbara Fisher,Corporate,599.798,227.4384,0.24826923076923077,13
BF-11005,Barry Franz,Home Office,1333.88,-291.3811,0.0025000000000000204,10
BF-11020,Barry Französisch,Corporate,2888.506,302.02,0.029982993197278915,21
BF-11080,Bart Folk,Consumer,272.95,110.9272,0.4116666666666667,6
BF-11170,Ben Ferrer,Home Office,5907.972,1538.2127,0.2248148148148148,27
BF-11215,Benjamin Farhat,Home Office,1585.162,523.2133,0.34125,8
BF-11275,Beth Fritzler,Corporate,791.99,25.870199999999997,0.13375,4
BG-11035,Barry Gonzalez,Consumer,2798.948,-711.4274,0.05152777777777777,12
BG-11695,Brooke Gillingham,Corporate,1874.172,107.5715,0.2230059523809524,8
BG-11740,Bruce Geld,Consumer,1006.356,119.3479,0.18821428571428572,7
BH-11710,Brosina Hoffman,Consumer,6255.351,802.7898,0.11754464285714286,24
BK-11260,Berenike Kampe,Consumer,659.138,-63.7644,-0.12093750000000002,16
BM-11140,Becky Martin,Consumer,11789.630000000001,-1659.9581,-0.007247023809523825,16
BM-11575,Brendan Murry,Corporate,808.162,95.5816,0.05799999999999999,10
BM-11650,Brian Moss,Corporate,7294.185,2199.2781,0.2570920667117422,29
BM-11785,Bryan Mills,Consumer,1338.842,137.7439,-0.024285714285714282,14
BN-11470,Brad Norvell,Corporate,265.296,36.6131,0.21791666666666668,6
BN-11515,Bradley Nguyen,Consumer,1459.344,340.7054,0.3176470588235294,17
BO-11350,Bill Overfelt,Corporate,2682.728,278.77700000000004,0.05402777777777778,12
BO-11425,Bobby Odegard,Consumer,130.83,59.4522,0.4,2
BP-11050,Barry Pond,Corporate,983.42,209.78300000000002,0.0017857142857143071,7
BP-11095,Bart Pistole,Corporate,2442.044,433.9751,0.13966666666666666,20
BP-11155,Becky Pak,Consumer,1697.861,647.3847,0.2633333333333333,11
BP-11185,Ben Peterman,Corporate,3675.861,363.5991,0.11839947089947091,18
BP-11230,Benjamin Patterson,Consumer,1181.49,-197.26950000000002,0.28833333333333333,6
BP-11290,Beth Paige,Consumer,2475.157,-319.0637,-0.025818452380952386,16
BS-11365,Bill Shonely,Corporate,10501.653,2616.0644,0.27,9
BS-11380,Bill Stewart,Corporate,3887.834,-17.532200000000014,-0.09948717948717949,13
BS-11590,Brendan Sweed,Corporate,2454.928,381.7807,-0.1525,10
BS-11665,Brian Stugart,Consumer,3288.11,238.73680000000002,-0.004545454545454545,11
BS-11755,Bruce Stewart,Consumer,2562.382,-113.29840000000002,0.1525910364145658,14
BS-11800,Bryan Spruell,Home Office,949.43,194.0516,0.37125,8
BT-11305,Beth Thompson,Home Office,2567.656,417.5918,0.27555555555555555,9
BT-11395,Bill Tyler,Corporate,2186.6130000000003,257.9163,0.1438333333333333,10
BT-11440,Bobby Trafton,Consumer,603.876,-77.5256,0.06119047619047618,7
BT-11485,Brad Thomas,Home Office,415.19599999999997,126.8694,0.3641666666666667,3
BT-11530,Bradley Talbott,Home Office,2684.492,409.4983,0.24191666666666667,10
BT-11680,Brian Thompson,Consumer,3196.752,447.7484,0.305875,20
BV-11245,Benjamin Venier,Corporate,1523.273,315.2214,0.259047619047619,14
BW-11065,Barry Weirich,Consumer,385.516,-58.2866,0.16166666666666668,3
BW-11110,Bart Watters,Corporate,4750.358,921.2574,0.16552287581699346,17
BW-11200,Ben Wallace,Consumer,1738.406,246.9973,0.06588888888888889,10
CA-11965,Carol Adams,Corporate,3789.7228,1143.3817,0.28161764705882353,10
CA-12055,Cathy Armstrong,Home Office,1679.7240000000002,211.25590000000003,-0.20450000000000002,10
CA-12265,Christina Anderson,Consumer,2648.2872,279.6183,-0.06913206459054211,17
CA-12310,Christine Abelman,Corporate,1421.954,246.02179999999998,0.15457792207792206,11
CA-12775,Cynthia Arntzen,Consumer,3041.566,204.48950000000002,0.12573529411764708,17
CB-12025,Cassandra Brandow,Consumer,6076.139,150.2089,0.10463639301874596,26
CB-12415,Christy Brittain,Consumer,1949.2,272.3883,-0.32,12
CB-12535,Claudia Bergmann,Corporate,4246.4555,1049.5601,0.3136764705882353,19
CC-12100,Chad Cunningham,Home Office,1770.945,208.5912,0.02705128205128205,13
CC-12145,Charles Crestani,Consumer,2471.65,392.28249999999997,0.30405844155844153,11
CC-12220,Chris Cortes,Consumer,3913.418,393.9618,0.23650252525252524,22
CC-12370,Christopher Conant,Consumer,12129.072,2177.0492999999997,-0.010757575757575742,11
CC-12430,Chuck Clark,Home Office,2870.05,424.6583,0.29774853801169593,19
CC-12475,Cindy Chapman,Consumer,1659.438,154.851,-8.241758241755375e-5,13
CC-12550,Clay Cheatham,Consumer,113.832,33.8706,0.323125,4
CC-12610,Corey Catlett,Corporate,2540.6310000000003,331.43399999999997,-0.1709027777777778,12
CC-12670,Craig Carreira,Consumer,2269.7015,187.8399,0.0848109243697479,14
CC-12685,Craig Carroll,Consumer,2854.1150000000002,850.1591,-0.007777777777777782,12
CD-11920,Carlos Daly,Consumer,2033.968,426.661,0.27944444444444444,9
CD-11980,Carol Darley,Consumer,639.766,-206.71720000000002,-0.6758333333333334,6
CD-12280,Christina DeMoss,Consumer,1205.584,233.0274,0.26472222222222225,13
CD-12790,Cynthia Delaney,Home Office,1860.732,403.8422,0.357,15
CG-12040,Catherine Glotzbach,Home Office,904.4680000000001,86.5106,0.18324074074074076,9
CG-12520,Claire Gute,Consumer,1148.78,169.93439999999998,0.037000000000000005,5
CH-12070,Cathy Hwang,Home Office,1537.236,195.15109999999999,0.12187500000000001,4
CJ-11875,Carl Jackson,Corporate,16.52,1.652,0.09999999999999999,1
CJ-12010,Caroline Jumper,Consumer,11164.974,858.7414,0.08622205245734658,20
CK-12205,Chloris Kastensmidt,Consumer,3154.855,141.2831,0.06443452380952379,32
CK-12325,Christine Kargatis,Home Office,2945.321,261.22090000000003,0.11908730158730159,12
CK-12595,Clytie Kelty,Consumer,2372.75,497.70980000000003,0.08666190476190476,25
CK-12760,Cyma Kinney,Corporate,1582.109,-338.4311,0.08660714285714285,14
CL-11890,Carl Ludwig,Consumer,1262.0140000000001,328.0847,0.26107142857142857,7
CL-12565,Clay Ludtke,Consumer,10880.546,1933.7831,0.24482142857142858,28
CL-12700,Craig Leslie,Home Office,2353.586,229.00990000000002,0.11687499999999999,8
CM-11815,Candace McMahon,Corporate,1673.8880000000001,214.463,0.23324999999999999,10
CM-11935,Carlos Meador,Consumer,565.392,-43.7324,0.15625,4
CM-12115,Chad McGuire,Consumer,1661.6100000000001,409.0679,0.3139285714285714,7
CM-12160,Charles McCrossin,Consumer,2533.314,-394.3686,-0.15166666666666667,7
CM-12190,Charlotte Melton,Consumer,1475.144,91.2033,0.09892857142857144,7
CM-12235,Chris McAfee,Consumer,2305.712,365.0387,0.3390625,8
CM-12385,Christopher Martinez,Consumer,8954.02,3899.8903999999998,0.179,10
CM-12445,Chuck Magee,Consumer,287.99,64.42960000000001,0.2675396825396825,9
CM-12655,Corinna Mitchell,Home Office,6339.5576,1572.4585,0.24335294117647058,10
CM-12715,Craig Molinari,Corporate,3984.4524,176.3108,-0.22489064856711913,13
CP-12085,Cathy Prescott,Corporate,5402.254,427.0258,0.14446428571428574,14
CP-12340,Christine Phan,Corporate,5888.275,-1850.3029000000001,0.013055555555555555,15
CR-12580,Clay Rozendal,Home Office,2148.852,74.40129999999999,0.20458333333333334,6
CR-12625,Corey Roper,Home Office,475.9,144.7594,0.3725,4
CR-12730,Craig Reiter,Consumer,1600.55,306.9176,0.040119047619047624,6
CR-12820,Cyra Reiten,Home Office,1397.8724,83.27029999999999,0.13018907563025212,7
CS-11845,Cari Sayre,Corporate,1278.954,185.3776,-0.1559375,8
CS-11860,Cari Schnelling,Consumer,537.632,105.8275,0.03214285714285712,7
CS-11950,Carlos Soltero,Consumer,3036.547,-126.4223,-0.10496212121212121,22
CS-12130,Chad Sievert,Consumer,884.64,143.8339,0.23785714285714285,7
CS-12175,Charles Sheldon,Corporate,844.4580000000001,113.1405,0.12270833333333332,8
CS-12250,Chris Selesnick,Corporate,2754.216,738.3626,0.34839285714285717,28
CS-12355,Christine Sundaresam,Consumer,3202.1620000000003,831.9432,0.2919318181818182,22
CS-12400,Christopher Schild,Home Office,3651.8585000000003,-342.8033,0.008593073593073604,14
CS-12460,Chuck Sachs,Consumer,550.644,156.2593,0.325,6
CS-12490,Cindy Schnelling,Corporate,1077.2285,-302.8761,0.027457912457912455,9
CS-12505,Cindy Stewart,Consumer,5690.054999999999,-6626.3895,0.033240740740740723,9
CT-11995,Carol Triggs,Consumer,3241.898,161.22629999999998,0.02787037037037036,18
CV-12295,Christina VanderZanden,Consumer,2830.628,493.0861,0.2969230769230769,13
CV-12805,Cynthia Voltz,Corporate,2370.3136,98.99749999999999,-0.0997402820777434,19
CW-11905,Carl Weiss,Home Office,1136.592,370.8298,0.29454545454545455,11
CY-12745,Craig Yedwab,Corporate,2900.026,60.646699999999996,0.09909090909090909,11
Co-12640,Corey-Lock,Consumer,1300.076,205.6282,0.14656249999999998,8
DA-13450,Dianna Arnett,Home Office,156.76,56.7904,0.29874999999999996,8
DB-12910,Daniel Byrd,Home Office,2171.5989999999997,431.3748,0.1695874183006536,12
DB-12970,Darren Budd,Corporate,2839.2272,213.00289999999998,0.1334080298786181,14
DB-13060,Dave Brooks,Consumer,4531.646,473.02720000000005,0.029423076923076923,13
DB-13120,David Bremer,Corporate,2973.094,-1421.7692,0.1526785714285714,14
DB-13210,Dean Braden,Consumer,2332.5769999999998,169.9679,0.05530045351473923,21
DB-13270,Deborah Brumfield,Home Office,4655.897,841.8263999999999,-0.06390109890109891,13
DB-13360,Dennis Bolton,Home Office,1081.466,291.00849999999997,0.3386574074074074,6
DB-13405,Denny Blanton,Consumer,1711.692,438.9092,0.3001785714285714,14
DB-13555,Dorothy Badders,Corporate,3908.8028,109.327,0.0959873949579832,14
DB-13615,Doug Bickford,Consumer,1989.05,438.8012,0.24181818181818182,11
DB-13660,Duane Benoit,Consumer,1155.202,177.6735,0.11725000000000003,10
DC-12850,Dan Campbell,Consumer,3336.168,-1441.6313,0.0475462962962963,18
DC-13285,Debra Catini,Consumer,1174.618,132.06820000000002,0.16684873949579834,7
DD-13570,Dorothy Dickinson,Consumer,269.542,36.4344,-0.15055555555555555,9
DE-13255,Deanra Eno,Home Office,2550.874,464.47139999999996,0.2149074074074074,9
DF-13135,David Flashing,Consumer,2390.534,-259.3097,-0.17416666666666666,6
DG-13300,Deirdre Greer,Corporate,3195.818,562.7761,0.2259375,8
DH-13075,Dave Hallsten,Corporate,4932.872,1193.7404000000001,0.18630434782608696,23
DH-13675,Duane Huffman,Home Office,1043.096,116.667,0.1766577540106952,11
DJ-13420,Denny Joy,Corporate,2012.52,483.035,0.298,5
DJ-13510,Don Jones,Corporate,2501.688,345.2521,0.2834065934065934,13
DJ-13630,Doug Jacobs,Consumer,3356.398,731.5644,0.25621527777777775,8
DK-12835,Damala Kotsonis,Corporate,3256.48,881.1228,0.16045414462081128,27
DK-12895,Dana Kaydos,Consumer,4282.176,937.6496,0.23383333333333334,15
DK-12985,Darren Koutras,Consumer,1687.04,-107.35379999999999,0.05343750000000001,8
DK-13090,Dave Kipp,Consumer,2650.5570000000002,536.3935,0.18988095238095237,13
DK-13150,David Kendrick,Corporate,797.832,249.9447,0.3185,5
DK-13225,Dean Katz,Corporate,4802.394,209.89940000000001,0.053114035087719315,19
DK-13375,Dennis Kane,Consumer,3318.486,377.0799,0.10527432712215319,23
DL-12865,Dan Lawera,Consumer,1503.112,322.2449,0.22285714285714286,14
DL-12925,Daniel Lacy,Consumer,3272.2000000000003,4.213200000000022,0.2814285714285714,14
DL-13315,Delfina Latchford,Consumer,1458.258,288.8732,0.09068627450980393,17
DL-13330,Denise Leinenbach,Consumer,585.02,222.6812,0.305,8
DL-13495,Dionis Lloyd,Corporate,3539.322,-52.78799999999999,0.27645833333333336,12
DM-12955,Dario Medina,Corporate,1322.034,108.7583,0.15674603174603174,9
DM-13015,Darrin Martin,Consumer,6345.103,1677.3931,0.04533333333333334,20
DM-13345,Denise Monton,Corporate,4074.4719999999998,1319.0586,0.24811965811965814,13
DM-13525,Don Miller,Corporate,1376.792,199.7688,0.144,10
DN-13690,Duane Noonan,Consumer,2139.79,540.5405000000001,0.29886363636363633,11
DO-13435,Denny Ordway,Consumer,1300.0315,-38.90860000000001,0.16417832167832166,13
DO-13645,Doug O'Connell,Consumer,1267.316,294.0676,0.26681818181818184,11
DP-13000,Darren Powers,Consumer,1050.636,241.45239999999998,0.13151960784313724,17
DP-13105,Dave Poirier,Corporate,2215.002,563.1761,0.26857142857142857,14
DP-13165,David Philippe,Consumer,1058.616,-40.93759999999999,0.19437500000000002,4
DP-13390,Dennis Pardue,Home Office,5480.723999999999,1571.8318000000002,0.023392857142857132,14
DR-12880,Dan Reichenbach,Corporate,6528.034,1641.8613,0.18253472222222222,24
DR-12940,Daniel Raglin,Home Office,8350.868,2869.076,0.039102564102564095,13
DS-13030,Darrin Sayre,Home Office,1762.213,193.3319,0.17129772961816306,19
DS-13180,David Smith,Corporate,2881.8128,163.6993,0.10017121848739496,20
DV-13045,Darrin Van Huff,Corporate,1119.483,-427.184,0.08515512265512266,9
DV-13465,Dianna Vittorini,Consumer,3341.587,353.2127,0.15416666666666667,15
DW-13195,David Wiener,Corporate,1080.751,-86.8738,0.01162698412698412,9
DW-13480,Dianna Wilson,Home Office,5271.628,1348.7556,0.29568181818181816,11
DW-13540,Don Weiss,Consumer,344.08,69.6672,0.18166666666666667,9
DW-13585,Dorothy Wardle,Corporate,1204.854,-266.8966,0.12275,10
Dl-13600,Dorris liebe,Corporate,755.602,175.2388,-0.23379629629629628,6
Dp-13240,Dean percer,Home Office,7198.761,333.36479999999995,0.1004022988505747,29
EA-14035,Erin Ashbrook,Corporate,2846.705,-52.74059999999999,-0.05994761904761906,25
EB-13705,Ed Braxton,Corporate,3644.978,13.621500000000012,0.07941468253968254,12
EB-13750,Edward Becker,Corporate,3236.314,-80.286,0.11763888888888888,20
EB-13840,Ellis Ballard,Corporate,4358.128,656.1988,0.1859375,8
EB-13870,Emily Burns,Consumer,2767.219,261.5315,-0.12636724386724388,11
EB-13930,Eric Barreto,Consumer,944.6,0.6042000000000058,0.11221088435374148,7
EB-13975,Erica Bern,Corporate,1643.255,162.8781,-0.009027777777777796,6
EB-14110,Eugene Barchas,Consumer,3071.126,184.7656,0.11586580086580085,11
EB-14170,Evan Bailliet,Consumer,1186.326,282.1701,0.22892857142857145,7
EC-14050,Erin Creighton,Consumer,461.914,96.4256,0.19238095238095237,7
ED-13885,Emily Ducich,Home Office,3484.92,670.4435000000001,-0.08089002267573699,14
EG-13900,Emily Grady,Consumer,1832.02,104.2656,-0.032874779541446214,9
EH-13765,Edward Hooks,Corporate,10310.880000000001,1393.5154,0.2941753472222222,32
EH-13945,Eric Hoffmann,Consumer,684.1709999999999,53.5398,-0.08602941176470591,17
EH-13990,Erica Hackney,Consumer,825.9499999999999,150.3759,0.2867708333333333,8
EH-14005,Erica Hernandez,Home Office,1219.53,-94.14079999999997,0.20265151515151517,11
EH-14125,Eugene Hildebrand,Home Office,3082.653,96.27019999999999,0.04061507936507934,18
EH-14185,Evan Henry,Consumer,923.884,242.1107,-0.09781249999999998,8
EJ-13720,Ed Jacobs,Consumer,2162.174,387.01759999999996,-0.010937500000000017,8
EJ-14155,Eva Jacobs,Consumer,2656.6910000000003,451.87550000000005,0.23174107142857142,8
EK-13795,Eileen Kiefer,Home Office,1303.4779999999998,97.1066,0.1965808823529412,4
EL-13735,Ed Ludwig,Home Office,124.28,27.1154,0.295,2
EM-13810,Eleni McCrary,Corporate,2567.0099999999998,-133.82750000000001,0.1576190476190476,7
EM-13825,Elizabeth Moffitt,Corporate,2339.598,682.5541999999999,0.2928125,16
EM-13960,Eric Murdock,Consumer,933.704,102.29599999999999,-0.13708333333333336,6
EM-14065,Erin Mull,Consumer,228.98999999999998,40.154599999999995,-0.009305555555555576,6
EM-14095,Eudokia Martin,Corporate,1041.0420000000001,240.23620000000003,0.27775,10
EM-14140,Eugene Moren,Home Office,4588.436,1319.3655,0.31083333333333335,21
EM-14200,Evan Minnotte,Home Office,366.822,21.7721,0.2658035714285714,4
EN-13780,Edward Nazzal,Consumer,2199.366,496.1131,0.24472222222222223,9
EP-13915,Emily Phan,Consumer,5478.0608,144.95780000000002,0.030209406343182425,31
ER-13855,Elpida Rittenbach,Corporate,1245.788,-295.7398,-0.013666666666666666,5
ES-14020,Erica Smith,Consumer,3510.4579999999996,1003.2935,0.2328125,8
ES-14080,Erin Smith,Corporate,4657.924,246.6661,0.017017857142857154,20
FA-14230,Frank Atkinson,Corporate,2984.054,520.5229,0.07240196078431373,17
FC-14245,Frank Carlisle,Home Office,3418.7419999999997,1217.1662,0.20089285714285715,14
FC-14335,Fred Chung,Corporate,3889.366,714.2926,0.21075,10
FG-14260,Frank Gastineau,Home Office,1383.144,394.7397,0.20636363636363636,11
FH-14275,Frank Hawley,Corporate,4256.272,1073.2676,0.23742063492063492,21
FH-14350,Fred Harton,Consumer,2271.284,706.289,0.21916666666666668,14
FH-14365,Fred Hopkins,Corporate,6987.196,2050.2826,0.14444444444444446,13
FM-14215,Filia McAdams,Corporate,2456.638,249.6808,0.23522222222222222,15
FM-14290,Frank Merwin,Home Office,3736.198,198.1095,-0.012375000000000002,20
FM-14380,Fred McMath,Consumer,2523.266,191.4898,0.0906547619047619,14
FO-14305,Frank Olsen,Consumer,2678.438,215.59689999999998,-0.036777777777777784,15
FP-14320,Frank Preis,Consumer,4046.746,406.44730000000004,0.21956349206349207,14
FW-14395,Fred Wasserman,Corporate,79.75,23.4913,0.30333333333333334,3
GA-14515,George Ashbrook,Consumer,3919.7760000000003,840.899,0.3086706349206349,14
GA-14725,Guy Armstrong,Consumer,1398.382,136.70790000000002,0.021985294117647054,22
GB-14530,George Bell,Corporate,1568.44,7.837100000000008,0.11308333333333334,20
GB-14575,Giulietta Baptist,Consumer,4716.288,1135.8393,0.3178125,16
GD-14590,Giulietta Dortch,Corporate,1888.07,230.9373,0.2847222222222222,6
GG-14650,Greg Guthrie,Corporate,2224,12.69850000000001,0.15916666666666668,24
GH-14410,Gary Hansen,Home Office,2819.467,-576.8335,-0.16476190476190475,17
GH-14425,Gary Hwang,Consumer,4172.8460000000005,1176.4181,0.16975,10
GH-14485,Gene Hale,Corporate,1361.2440000000001,-95.4498,-0.5458333333333334,3
GH-14665,Greg Hansen,Consumer,146.9408,-5.8102,0.009313725490196078,3
GK-14620,Grace Kelly,Corporate,6497.27,1448.5525,0.2244047619047619,14
GM-14440,Gary McGarr,Consumer,3582.8199999999997,347.266,0.15815656565656566,11
GM-14455,Gary Mitchum,Home Office,3078.624,793.2814,0.1703472222222222,12
GM-14500,Gene McClure,Consumer,1255.682,441.3185,0.29123626373626377,13
GM-14680,Greg Matthias,Consumer,3163.628,35.4865,0.14954545454545456,11
GM-14695,Greg Maxwell,Corporate,6049.966,188.7235,0.2922727272727273,11
GP-14740,Guy Phonely,Corporate,236.53,31.837600000000002,0.17599999999999996,5
GR-14560,Georgia Rosenberg,Corporate,1284.38,359.83320000000003,0.426,5
GT-14635,Grant Thornton,Corporate,9351.212,-4108.6589,0.03416666666666666,6
GT-14710,Greg Tran,Consumer,11820.12,2163.4269,0.285628078817734,29
GT-14755,Guy Thornton,Consumer,226.436,-6.139199999999998,-0.030714285714285746,7
GW-14605,Giulietta Weimer,Consumer,2189.0190000000002,-268.5423,0.06748677248677248,9
GZ-14470,Gary Zandusky,Consumer,4355.1500000000005,1087.7539,0.2950510204081633,14
GZ-14545,George Zrebassa,Corporate,2454.622,828.6610000000001,0.271,5
HA-14905,Helen Abelman,Consumer,2163.2999999999997,270.8574,0.008083333333333333,10
HA-14920,Helen Andreada,Consumer,2584.158,99.14450000000002,0.054999999999999986,18
HD-14785,Harold Dahlen,Home Office,251.36,-135.87599999999998,-0.10809523809523809,7
HE-14800,Harold Engle,Corporate,883.532,274.4028,0.3297727272727273,11
HF-14995,Herbert Flentye,Consumer,2533.164,-13.87679999999999,0.18945492072427056,19
HG-14845,Harry Greene,Consumer,785.628,147.0032,0.18041666666666667,10
HG-14965,Henry Goldwyn,Corporate,3247.642,-2797.9635,-0.005343137254901941,17
HG-15025,Hunter Glantz,Consumer,3690.284,804.6112999999999,-2.0202020202018757e-4,11
HH-15010,Hilary Holden,Corporate,218.668,86.7342,0.35541666666666666,6
HJ-14875,Heather Jas,Home Office,358.1,98.6548,0.2966666666666667,6
HK-14890,Heather Kirkland,Corporate,4877.784,956.9451,-0.009833333333333314,15
HL-15040,Hunter Lopez,Consumer,12873.297999999999,5622.4292,0.3140909090909091,11
HM-14860,Harry Marie,Corporate,8236.7648,2437.9836,-0.08982422969187676,20
HM-14980,Henry MacAllister,Consumer,736.276,117.2755,0.2382142857142857,7
HP-14815,Harold Pawlan,Home Office,1990.314,373.8637,-0.17847222222222223,10
HR-14770,Hallie Redmond,Home Office,1299.288,185.5794,0.235,13
HR-14830,Harold Ryan,Corporate,5248.787,1196.9504,0.22257936507936507,14
HW-14935,Helen Wasserman,Corporate,9300.254,2164.1611,0.25360714285714286,20
HZ-14950,Henia Zydlo,Consumer,886.52,-130.3879,0.014999999999999986,6
IG-15085,Ivan Gibson,Consumer,744.574,320.4982,0.42,7
IL-15100,Ivan Liston,Consumer,5040.736,1121.937,0.28035714285714286,14
IM-15055,Ionia McGrath,Consumer,2872.63,975.7701,0.37875,4
IM-15070,Irene Maddox,Consumer,4930.474,514.6527,0.062420634920634904,21
JA-15970,Joseph Airdo,Consumer,6491.026,-819.4217,0.09429398148148148,24
JB-15400,Jennifer Braxton,Corporate,1791.605,156.0532,-0.058124999999999996,16
JB-15925,Joni Blumstein,Consumer,900.552,-286.98080000000004,0.01593750000000001,8
JB-16000,Joy Bell-,Consumer,644.1188,126.76490000000001,0.3547689075630252,7
JB-16045,Julia Barnett,Home Office,2518.1150000000002,201.51850000000002,0.06796296296296296,9
JC-15340,Jasper Cacioppo,Consumer,71.26299999999999,-0.35560000000000014,-0.012291666666666671,4
JC-15385,Jenna Caffey,Consumer,1058.108,502.9244,0.384375,4
JC-15775,John Castell,Consumer,2772.055,279.5692,0.22354779411764705,16
JC-16105,Julie Creighton,Corporate,858.576,201.5952,0.335,9
JD-15790,John Dryer,Consumer,2152.352,-266.5525,0.17821428571428571,7
JD-15895,Jonathan Doherty,Corporate,7610.8640000000005,1050.2667999999999,0.25157118055555555,32
JD-16015,Joy Daniels,Consumer,385.43,26.7605,-0.1583333333333333,11
JD-16060,Julia Dunbar,Consumer,695.442,111.11410000000001,0.22142857142857142,6
JD-16150,Justin Deggeller,Corporate,8828.0305,1619.5199,0.17896193771626298,17
JE-15475,Jeremy Ellison,Consumer,1388.682,276.2197,-0.018846153846153856,13
JE-15610,Jim Epp,Corporate,7754.976,1623.4019,0.12958333333333333,20
JE-15715,Joe Elijah,Consumer,8697.843,1262.2926,-0.17289141414141415,22
JE-15745,Joel Eaton,Consumer,6760.815,221.7967,-0.009684873949579825,23
JE-16165,Justin Ellison,Corporate,2697.248,789.6476,0.31607142857142856,7
JF-15190,Jamie Frazer,Consumer,2279.586,575.1259,0.22543859649122805,19
JF-15295,Jason Fortune-,Consumer,955.124,97.289,0.22053571428571428,14
JF-15355,Jay Fein,Consumer,1911.844,330.199,0.33296875,16
JF-15415,Jennifer Ferguson,Consumer,2371.448,635.6376,0.2983928571428571,14
JF-15490,Jeremy Farry,Consumer,1082.918,-18.067300000000007,0.13116666666666665,15
JF-15565,Jill Fjeld,Consumer,4198.332,1073.2088,0.1618576388888889,16
JG-15115,Jack Garza,Consumer,2358.676,684.1911,0.04619047619047619,7
JG-15160,James Galang,Consumer,6366.392,1415.6664,0.19333333333333336,18
JG-15310,Jason Gross,Corporate,2240.58,3.7976000000000014,-0.16325757575757574,11
JG-15805,John Grady,Corporate,1507.018,206.1019,0.24000000000000002,9
JH-15430,Jennifer Halladay,Consumer,309.281,-24.0771,0.042619047619047605,7
JH-15820,John Huston,Consumer,528.91,26.0822,0.18812500000000001,8
JH-15910,Jonathan Howell,Consumer,959.477,-13.554499999999994,0.1436111111111111,9
JH-15985,Joseph Holt,Consumer,7954.9980000000005,-644.6982,0.26958333333333334,14
JH-16180,Justin Hirsh,Consumer,2256.394,-96.95300000000002,-0.06833333333333334,5
JJ-15445,Jennifer Jackson,Consumer,709.178,200.5558,0.3358333333333333,6
JJ-15760,Joel Jenkins,Home Office,195,34.449200000000005,0.23666666666666666,3
JK-15205,Jamie Kunitz,Consumer,4427.142,1219.983,0.15628205128205128,13
JK-15325,Jason Klamczynski,Corporate,383.81199999999995,55.3277,0.2975,4
JK-15370,Jay Kimmel,Consumer,2709.632,330.2838,0.19065359477124183,17
JK-15625,Jim Karlsson,Consumer,3760.028,750.9485,0.199375,12
JK-15640,Jim Kriz,Home Office,4760.434,1172.5303,0.31895833333333334,12
JK-15730,Joe Kamberova,Consumer,4867.2,55.048300000000005,-0.27402906162464985,20
JK-16090,Juliana Krohn,Consumer,3747.668,586.6625,-0.0883333333333333,9
JK-16120,Julie Kriz,Home Office,2932.484,122.65659999999998,0.04588235294117646,17
JL-15130,Jack Lebron,Consumer,1214.956,-207.79559999999998,-0.012847222222222213,12
JL-15175,James Lanier,Home Office,1571.523,209.2817,0.19642857142857145,7
JL-15235,Janet Lee,Consumer,2203.7,54.517400000000016,-0.10825000000000001,10
JL-15505,Jeremy Lonsdale,Consumer,3173.874,591.7163,0.28911764705882353,17
JL-15835,John Lee,Consumer,9799.923,228.90699999999998,0.24253151260504202,34
JL-15850,John Lucas,Consumer,2725.256,779.9046,0.0837121212121212,11
JM-15250,Janet Martin,Consumer,3159.122,19.82350000000003,-0.23477443609022555,19
JM-15265,Janet Molinari,Corporate,1804.146,502.6143,0.0623076923076923,13
JM-15535,Jessica Myrick,Consumer,1733.443,356.5395,0.26535294117647057,10
JM-15580,Jill Matthias,Consumer,303.948,113.1204,0.3125,7
JM-15655,Jim Mitchum,Corporate,864.947,117.20400000000001,0.1396527777777778,12
JM-15865,John Murray,Consumer,7625.076,1574.6163999999999,-0.014093406593406594,13
JM-16195,Justin MacKendrick,Consumer,2833.926,754.1143999999999,0.31394736842105264,19
JO-15145,Jack O'Briant,Corporate,3254.949,581.4045,0.2285972850678733,13
JO-15280,Jas O'Carroll,Consumer,1934.272,202.1362,0.16272727272727272,11
JO-15550,Jesus Ocampo,Home Office,1090.838,167.6709,0.07946969696969697,11
JP-15460,Jennifer Patt,Corporate,1669.135,429.7465,0.20114285714285715,15
JP-15520,Jeremy Pistek,Consumer,3635.594,757.1802,0.26934742647058824,16
JP-16135,Julie Prescott,Home Office,1707.71,309.7116,0.18831501831501832,13
JR-15670,Jim Radford,Consumer,1156.658,-785.1645,-0.4069444444444445,3
JR-15700,Jocasta Rupert,Consumer,863.88,107.985,0.125,1
JR-16210,Justin Ritter,Corporate,2201.686,452.373,-0.006250000000000031,10
JS-15595,Jill Stevenson,Corporate,1417.654,-175.54899999999998,-0.33406250000000004,8
JS-15685,Jim Sink,Corporate,1131.064,-54.869200000000006,0.06681818181818179,11
JS-15880,John Stevenson,Consumer,3868.02,564.9798,0.15763071895424838,9
JS-15940,Joni Sundaresam,Home Office,469.169,-327.9336,-0.20562499999999995,8
JS-16030,Joy Smith,Consumer,2516.494,-311.25749999999994,0.001150793650793665,18
JW-15220,Jane Waco,Corporate,7721.714,2173.7093999999997,0.2632142857142857,14
JW-15955,Joni Wasserman,Consumer,1244.086,-29.57589999999999,0.1715909090909091,11
JW-16075,Julia West,Consumer,1428.731,154.0637,-0.20130952380952377,7
KA-16525,Kelly Andreada,Consumer,1519.506,234.9194,0.24909090909090909,11
KB-16240,Karen Bern,Corporate,3152.615,763.9076,0.125,10
KB-16315,Karl Braun,Consumer,1569.464,49.71929999999999,0.11329545454545455,22
KB-16405,Katrina Bavinger,Home Office,908.821,274.297,0.31123456790123455,9
KB-16585,Ken Black,Corporate,2744.742,579.3551,0.22717391304347825,23
KB-16600,Ken Brennan,Corporate,983.922,293.55240000000003,-0.20777777777777773,9
KC-16255,Karen Carlisle,Corporate,2120.954,846.1217,0.359,10
KC-16540,Kelly Collister,Consumer,3908.2619999999997,709.4219,-0.1385,5
KC-16675,Kimberly Carter,Corporate,1146.05,156.7797,0.22964285714285712,7
KD-16270,Karen Daniels,Consumer,8282.358,1107.6952000000001,0.006458333333333352,16
KD-16345,Katherine Ducich,Consumer,1888.964,328.5942,0.23750000000000002,10
KD-16495,Keith Dawkins,Corporate,8181.256,3038.6254,0.24519432773109243,28
KD-16615,Ken Dana,Corporate,2243.5099999999998,539.7219,0.29634615384615387,13
KE-16420,Katrina Edelman,Corporate,1686.7312,397.87989999999996,0.07567647058823529,15
KF-16285,Karen Ferguson,Home Office,10604.266,1660.1386,0.3259722222222222,18
KH-16330,Katharine Harms,Corporate,3312.864,454.7871,0.1875132275132275,18
KH-16360,Katherine Hughes,Consumer,3100.612,528.2051,0.1220408163265306,14
KH-16510,Keith Herrera,Consumer,5952.859,656.1162,0.17194373401534527,23
KH-16630,Ken Heidel,Corporate,3918.966,727.3786,0.26294117647058823,17
KH-16690,Kristen Hastings,Corporate,5990.799,1227.5091,0.1991111111111111,15
KL-16555,Kelly Lampkin,Corporate,5016.488,-182.78130000000002,-0.16619588744588745,22
KL-16645,Ken Lonsdale,Consumer,14175.229,806.8549999999999,-0.03256704980842912,29
KM-16225,Kalyca Meade,Corporate,2260.958,635.1057,0.3435526315789474,19
KM-16375,Katherine Murray,Home Office,5620.186,973.7901999999999,0.16310714285714287,20
KM-16660,Khloe Miller,Consumer,453.538,91.1391,0.30083333333333334,9
KM-16720,Kunst Miller,Consumer,4909.472,745.7685,0.24456632653061225,28
KN-16390,Katherine Nockton,Corporate,2617.272,-151.1518,0.02756302521008404,17
KN-16450,Kean Nguyen,Corporate,2171.962,114.3083,-0.23808210784313724,8
KN-16705,Kristina Nunn,Home Office,2280.58,329.76250000000005,0.12800000000000003,15
KS-16300,Karen Seio,Corporate,88.472,0.11099999999999932,-0.025416666666666653,4
KT-16465,Kean Takahito,Consumer,3057.1,254.00320000000002,0.10344387755102043,14
KT-16480,Kean Thornton,Consumer,4642.088400000001,194.0671,0.1858785822021116,13
KW-16435,Katrina Willman,Consumer,4416.52,1756.135,0.11802777777777776,10
KW-16570,Kelly Williams,Consumer,449.096,107.92699999999999,0.2845,5
LA-16780,Laura Armstrong,Corporate,8673.222,2059.1199,0.2276923076923077,26
LB-16735,Larry Blacks,Consumer,50.188,18.6507,0.041666666666666685,3
LB-16795,Laurel Beltran,Home Office,4985.676,-52.190999999999995,-0.0466269841269841,24
LC-16870,Lena Cacioppo,Consumer,2580.704,-188.2511,-0.13933333333333334,30
LC-16885,Lena Creighton,Consumer,7663.126,1288.3469,0.1280072463768116,23
LC-16930,Linda Cazamias,Corporate,4492.946,288.266,0.23966836734693878,14
LC-16960,Lindsay Castell,Home Office,3246.626,299.48019999999997,-0.06071428571428571,7
LC-17050,Liz Carlisle,Consumer,2095.064,86.778,-0.08563725490196078,9
LC-17140,Logan Currie,Consumer,2633.582,231.1252,-6.453634085212921e-4,19
LD-16855,Lela Donovan,Corporate,5.304,0.4641,0.0875,1
LD-17005,Lisa DeCherney,Consumer,1961.934,557.1714,0.37142857142857144,7
LE-16810,Laurel Elliston,Consumer,1469.45,161.76489999999998,-0.2919444444444444,9
LF-17185,Luke Foster,Consumer,3930.509,-3583.977,-0.36989583333333337,16
LH-16750,Larry Hughes,Consumer,287.426,12.627699999999999,-0.2097222222222222,3
LH-16900,Lena Hernandez,Consumer,2295.332,526.0727,0.16666666666666666,15
LH-17020,Lisa Hazard,Consumer,318.239,-242.7399,-0.5811111111111111,6
LH-17155,Logan Haushalter,Consumer,1739.689,316.5202,0.26317251461988306,19
LL-16840,Lauren Leatherbury,Consumer,2741.2039999999997,560.0078,0.35041666666666665,12
LM-17065,Liz MacKendrick,Consumer,1346.774,-44.87799999999999,0.1657142857142857,7
LO-17170,Lori Olson,Corporate,644.35,150.1712,-0.0703968253968254,9
LP-17080,Liz Pelletier,Consumer,756.606,110.7813,0.31472222222222224,9
LP-17095,Liz Preis,Consumer,3653.399,338.4454,0.061277777777777785,15
LR-16915,Lena Radford,Consumer,5142.892,535.4764,0.09765625,16
LR-17035,Lisa Ryan,Corporate,1879.306,-382.80789999999996,-0.20208333333333334,12
LS-16945,Linda Southworth,Corporate,2845.27,-318.77369999999996,-0.21065476190476187,14
LS-16975,Lindsay Shagiari,Home Office,2988.674,262.63669999999996,-0.17863636363636365,22
LS-17200,Luke Schmidt,Corporate,1010.256,244.197,0.03160714285714284,14
LS-17230,Lycoris Saunders,Consumer,368.88,39.1952,0.3098214285714286,6
LS-17245,Lynn Smith,Consumer,1008.136,348.3584,0.35770833333333335,12
LT-16765,Larry Tron,Consumer,329.876,59.036,0.2341666666666667,3
LT-17110,Liz Thompson,Consumer,2936.252,320.973,-0.04908263305322128,14
LW-16825,Laurel Workman,Corporate,2238.061,32.5767,0.010611111111111123,15
LW-16990,Lindsay Williams,Corporate,3230.308,662.8339,0.2590909090909091,11
LW-17125,Liz Willingham,Consumer,1259.04,192.6312,0.246,5
LW-17215,Luke Weiss,Consumer,5420.514,837.2411000000001,0.1104074074074074,15
MA-17560,Matt Abelman,Home Office,4299.161,1240.2266,0.30293300653594774,34
MA-17995,Michelle Arnett,Home Office,2453.284,280.7822,0.31451388888888887,12
MB-17305,Maria Bertelson,Consumer,1548.702,212.425,0.15829156223893065,19
MB-18085,Mick Brown,Consumer,1428.231,117.8057,0.12272619047619047,10
MC-17275,Marc Crier,Consumer,2725.982,461.0014,0.13025641025641027,13
MC-17425,Mark Cousins,Corporate,4432.138,1802.3903,0.30625,10
MC-17575,Matt Collins,Consumer,1303.893,210.7493,-0.18234848484848484,11
MC-17590,Matt Collister,Corporate,2426.067,288.98409999999996,0.13014705882352942,17
MC-17605,Matt Connell,Corporate,2258.192,195.4486,0.09318121693121693,18
MC-17635,Matthew Clasen,Corporate,795.154,-247.94350000000003,0.03531249999999997,8
MC-17845,Michael Chen,Consumer,3805.714,698.4174,0.26857142857142857,14
MC-18100,Mick Crebagga,Consumer,2218.98,-64.1668,-0.16150375939849623,19
MC-18130,Mike Caudle,Corporate,1581.998,121.7565,0.2409090909090909,11
MD-17350,Maribeth Dona,Consumer,3766.382,-241.95,-0.16742296918767507,17
MD-17860,Michael Dominguez,Corporate,1204.91,-4.0402999999999984,-0.10864583333333334,8
ME-17320,Maria Etezadi,Home Office,10663.728000000001,1859.4695,0.0156655844155844,22
ME-17725,Max Engle,Consumer,1908.4532,77.81280000000001,-0.10420760611937081,13
ME-18010,Michelle Ellison,Corporate,1256.944,107.3604,0.16208333333333333,6
MF-17665,Maureen Fritzler,Corporate,937.039,-341.5265,0.1823958333333333,8
MF-18250,Monica Federle,Corporate,1758.3,456.86080000000004,0.291875,12
MG-17650,Matthew Grinstein,Home Office,3785.276,341.898,0.17690476190476193,14
MG-17680,Maureen Gastineau,Home Office,2350.188,25.888599999999983,0.05012605042016807,10
MG-17695,Maureen Gnade,Consumer,1342.282,-398.79319999999996,-0.2864285714285714,7
MG-17875,Michael Grace,Home Office,1242.8329999999999,-470.7684,-0.1517857142857143,7
MG-17890,Michael Granlund,Home Office,776.384,171.7372,0.15145927601809955,13
MG-18145,Mike Gockenbach,Consumer,3061.543,-93.603,0.005758928571428568,8
MG-18205,Mitch Gastineau,Corporate,16.739,-1.2453,-0.275,2
MH-17290,Marc Harrigan,Home Office,2394.025,28.76120000000002,0.11099924585218704,13
MH-17440,Mark Haberlin,Corporate,400.016,61.428599999999996,0.35194444444444445,9
MH-17455,Mark Hamilton,Consumer,2456.1820000000002,484.7733,0.18446969696969698,11
MH-17620,Matt Hagelstein,Corporate,1252.8,122.3612,-0.04625,6
MH-17785,Maya Herman,Corporate,2203.7780000000002,238.5614,0.24295454545454545,11
MH-18025,Michelle Huthwaite,Consumer,2984.948,476.9032,0.046916666666666655,10
MH-18115,Mick Hernandez,Home Office,5503.093,170.97460000000004,0.11607142857142858,22
MJ-17740,Max Jones,Consumer,6320.746,1054.5529,0.12372222222222223,15
MK-17905,Michael Kennedy,Corporate,2302.368,-405.3559000000001,-0.17357843137254902,17
MK-18160,Mike Kennedy,Consumer,1031.602,227.8338,0.24075757575757573,11
ML-17395,Marina Lichtenstein,Corporate,2722.843,684.9162,0.11224754901960785,20
ML-17410,Maris LaWare,Consumer,2921.5,-76.17550000000001,0.14447619047619048,15
ML-17755,Max Ludwig,Home Office,2071.914,409.5112,0.26134615384615384,13
ML-18040,Michelle Lonsdale,Corporate,742.082,138.71620000000001,-0.14625000000000002,4
ML-18265,Muhammed Lee,Consumer,162.232,42.6648,0.21749999999999997,3
MM-17260,Magdelene Morse,Consumer,1314.0230000000001,178.402,0.2225132275132275,6
MM-17920,Michael Moore,Consumer,3794.0800000000004,82.12500000000001,-0.016874999999999987,16
MM-18055,Michelle Moray,Consumer,2749.881,-520.3443,0.009467418546365913,19
MM-18280,Muhammed MacIntyre,Corporate,775.414,58.8916,0.17881944444444445,12
MN-17935,Michael Nguyen,Consumer,2477.946,290.8227,-0.1235,10
MO-17500,Mary O'Rourke,Consumer,922.487,59.3577,0.082,5
MO-17800,Meg O'Connel,Home Office,1687.027,169.3437,0.06685064935064935,11
MO-17950,Michael Oakman,Consumer,154.288,-82.0074,-0.646875,4
MP-17470,Mark Packer,Home Office,3206.132,600.2873,0.2623979591836735,14
MP-17965,Michael Paige,Corporate,3983.6420000000003,638.1563,-0.13014880952380953,20
MP-18175,Mike Pelletier,Home Office,5087.92,226.45290000000003,0.1236326109391125,19
MR-17545,Mathew Reese,Home Office,639.178,162.9363,-0.002500000000000007,6
MS-17365,Maribeth Schnelling,Consumer,7443.6900000000005,844.9354999999999,0.07363902505446622,24
MS-17530,MaryBeth Skach,Consumer,475.656,84.0268,0.08999999999999997,7
MS-17710,Maurice Satty,Consumer,1613.402,247.4348,0.10659523809523809,15
MS-17770,Maxwell Schwartz,Consumer,3144.678,280.85839999999996,0.20030701754385966,19
MS-17830,Melanie Seite,Consumer,370.348,19.4312,0.2095,5
MS-17980,Michael Stewart,Corporate,855.116,55.226,0.2211038961038961,11
MT-17815,Meg Tillman,Consumer,2890.139,509.0068,0.16425,10
MT-18070,Michelle Tran,Home Office,1319.4497999999999,-23.6763,-0.10180481283422455,11
MV-17485,Mark Van Huff,Consumer,1560.05,189.0258,-0.026740740740740725,15
MV-18190,Mike Vittorini,Consumer,1734.574,273.8582,0.2887566844919786,11
MW-18220,Mitch Webber,Consumer,5341.9000000000005,1238.422,0.19480158730158728,14
MW-18235,Mitch Willingham,Corporate,5253.876,1665.516,0.2875,3
MY-17380,Maribeth Yedwab,Corporate,2254.285,319.1211,-0.03794871794871795,13
MY-18295,Muhammed Yedwab,Corporate,4152.696,-371.7111,-7.162865146058353e-4,21
MZ-17335,Maria Zettner,Home Office,593.606,85.0191,0.24041666666666667,6
MZ-17515,Mary Zewe,Corporate,2564.906,787.7503,-0.22174999999999997,10
NB-18580,Nicole Brennan,Corporate,273.87199999999996,24.788800000000002,0.09,2
NB-18655,Nona Balk,Corporate,1972.599,117.6429,0.15143939393939393,17
NC-18340,Nat Carroll,Consumer,2461.404,580.3075,0.2940686274509804,17
NC-18415,Nathan Cano,Consumer,2218.9900000000002,-2204.8072,-0.006454081632653061,14
NC-18535,Nick Crebassa,Corporate,8241.739,1314.758,0.22065359477124183,15
NC-18625,Noah Childs,Corporate,1821.742,-359.02099999999996,0.06120370370370373,9
ND-18370,Natalie DeCherney,Consumer,4326.139,353.64549999999997,-0.05833333333333334,18
ND-18460,Neil Ducich,Corporate,2893.455,443.3368,0.21281250000000002,8
NF-18385,Natalie Fritzler,Consumer,8322.826,-1695.9714,-0.0666921768707483,14
NF-18475,Neil Französisch,Home Office,377.16200000000003,85.92779999999999,-0.25750000000000006,4
NF-18595,Nicole Fjeld,Home Office,2031.472,388.2131,0.2725,12
NG-18355,Nat Gilpin,Corporate,1869.58,313.6335,0.2703125,16
NG-18430,Nathan Gelder,Consumer,1395.938,217.0893,0.2872222222222222,9
NH-18610,Nicole Hansen,Corporate,2673.29,760.1666,0.30818181818181817,11
NK-18490,Neil Knudson,Home Office,572.048,121.21770000000001,0.29204545454545455,11
NL-18310,Nancy Lomonaco,Home Office,1418.09,343.6381,0.28150000000000003,10
NM-18445,Nathan Mautz,Home Office,6459.344,2751.6849,0.3260119047619048,14
NM-18520,Neoma Murray,Consumer,2161.9790000000003,788.9525,2.777777777777719e-4,15
NP-18325,Naresj Patel,Consumer,5529.62,1208.8890000000001,0.24785714285714286,21
NP-18670,Nora Paige,Consumer,3908.402,514.6002,0.27625,10
NP-18685,Nora Pelletier,Home Office,1228.698,514.5017,0.18916666666666668,7
NP-18700,Nora Preis,Consumer,7903.1825,631.2282,-0.011892911010558066,13
NR-18550,Nick Radford,Consumer,2367.277,-25.14879999999997,-0.01685897435897434,13
NS-18505,Neola Schneider,Consumer,2575.863,-12.303999999999997,0.1332936507936508,15
NS-18640,Noel Staavos,Corporate,2964.823,-234.7714,0.024198717948717946,26
NW-18400,Natalie Webber,Consumer,7234.014,1023.1229999999999,-0.004545454545454525,22
NZ-18565,Nick Zandusky,Home Office,2488.31,402.42359999999996,0.153625,20
ON-18715,Odella Nelson,Corporate,1567.52,-5.889000000000002,0.1317222222222222,15
OT-18730,Olvera Toch,Consumer,3818.624,-925.1203,0.08558333333333332,10
PA-19060,Pete Armstrong,Home Office,729.408,225.8588,0.2067857142857143,7
PB-18805,Patrick Bzostek,Home Office,740.356,229.2257,0.3025,10
PB-19105,Peter Bühler,Consumer,688.324,218.15970000000002,0.253,5
PB-19150,Philip Brown,Consumer,1456.95,280.6606,0.24272727272727274,11
PB-19210,Phillip Breyer,Corporate,132.738,21.897000000000002,0.17375000000000002,2
PC-18745,Pamela Coakley,Corporate,1832.064,272.685,0.04833333333333334,5
PC-19000,Pauline Chand,Home Office,1061.488,-184.3364,0.029166666666666664,3
PF-19120,Peter Fuller,Consumer,9062.864,-614.2943,0.05497076023391813,19
PF-19165,Philip Fox,Consumer,2770,196.87389999999996,0.226,10
PF-19225,Phillip Flathmann,Consumer,2206.128,591.3118000000001,0.27675,10
PG-18820,Patrick Gardner,Consumer,3086.907,137.46130000000002,0.007179487179487193,26
PG-18895,Paul Gonzalez,Consumer,1987.164,334.5163,0.1976470588235294,17
PH-18790,Patricia Hirasaki,Home Office,729.648,47.8878,0.0875,2
PJ-18835,Patrick Jones,Corporate,1220.09,442.13550000000004,0.3192307692307692,13
PJ-19015,Pauline Johnson,Consumer,1824.2340000000002,682.9979000000001,0.2595,10
PK-18910,Paul Knutson,Home Office,1441.152,-798.705,-0.11777777777777777,3
PK-19075,Pete Kriz,Consumer,8646.934,2038.2676000000001,0.3056714285714286,25
PL-18925,Paul Lucas,Home Office,239.481,-0.7527000000000013,-0.010312499999999981,8
PM-18940,Paul MacIntyre,Consumer,1405.4019999999998,157.8768,0.10714285714285715,4
PM-19135,Peter McVee,Home Office,4115.662,526.7537,0.22,7
PN-18775,Parhena Norris,Home Office,1467.152,192.0396,0.2171153846153846,13
PO-18850,Patrick O'Brill,Consumer,7473.8282,38.4757,0.11219124013241662,22
PO-18865,Patrick O'Donnell,Consumer,2493.214,437.8533,0.2642307692307692,13
PO-19180,Philisse Overcash,Home Office,4893.043,1155.4331,0.19626984126984126,18
PO-19195,Phillina Ober,Home Office,1056.858,-49.70089999999999,0.03235714285714285,10
PP-18955,Paul Prost,Home Office,7252.608,1495.0854,0.19476307189542483,34
PR-18880,Patrick Ryan,Consumer,1840.1779999999999,247.6226,0.219375,12
PS-18760,Pamela Stobb,Consumer,2181.479,-134.441,-0.0025283446712017943,21
PS-18970,Paul Stevenson,Home Office,1278.639,198.5099,0.2695054945054945,13
PS-19045,Penelope Sewall,Home Office,6843.634,1742.7296999999999,0.2230769230769231,13
PT-19090,Pete Takahito,Consumer,160.572,-20.0508,-0.39107142857142857,7
PV-18985,Paul Van Hugh,Home Office,2876.046,434.52840000000003,0.2810714285714286,13
PW-19030,Pauline Webber,Corporate,3454.916,803.8169,0.2958974358974359,13
PW-19240,Pierre Wener,Consumer,3922.415,1290.354,0.13826622315592904,12
QJ-19255,Quincy Jones,Corporate,6108.338,1203.6768,0.1924145299145299,13
RA-19285,Ralph Arnett,Consumer,2617.906,546.0882,0.12073529411764705,17
RA-19885,Ruben Ausman,Corporate,3832.3140000000003,1292.8656,0.361,15
RA-19915,Russell Applegate,Consumer,4793.543,304.8673,-0.24370893812070288,22
RA-19945,Ryan Akin,Consumer,1686.9225,-445.695,-0.1691065416065416,9
RB-19330,Randy Bradley,Consumer,1008.196,-164.40619999999998,-0.25922619047619044,6
RB-19360,Raymond Buch,Consumer,15117.339,6976.0959,0.20962962962962964,18
RB-19435,Richard Bierner,Consumer,2663.0860000000002,477.2399,0.025572916666666657,16
RB-19465,Rick Bensley,Home Office,4715.466,640.5466,0.16640269151138717,23
RB-19570,Rob Beeghly,Consumer,528.546,76.88789999999999,0.14444444444444443,9
RB-19645,Robert Barroso,Corporate,221.084,72.679,0.3332142857142857,7
RB-19705,Roger Barcio,Home Office,2067.45,243.07549999999998,0.01337868480725624,7
RB-19795,Ross Baird,Home Office,5633.316,-461.7332,0.04037037037037038,18
RC-19825,Roy Collins,Consumer,966.409,63.9914,0.21092857142857144,10
RC-19960,Ryan Crowe,Consumer,885.752,10.563300000000002,0.21568181818181817,11
RD-19480,Rick Duston,Consumer,4272.93,480.594,0.261,15
RD-19585,Rob Dowd,Consumer,2912.894,734.5158,0.33592105263157895,19
RD-19660,Robert Dilbeck,Home Office,2786.632,835.772,0.17250000000000001,5
RD-19720,Roger Demir,Consumer,1419.737,207.3304,0.13564215686274508,20
RD-19810,Ross DeVincentis,Home Office,1137.616,318.4625,0.12390625,16
RD-19900,Ruben Dartt,Consumer,3133.924,455.5292,0.2763095238095238,21
RD-19930,Russell D'Ascenzo,Consumer,970.942,35.05740000000001,-0.12,10
RE-19405,Ricardo Emerson,Consumer,48.36,6.045,0.125,1
RE-19450,Richard Eichhorn,Consumer,876.696,209.2294,0.20805555555555555,9
RF-19345,Randy Ferguson,Corporate,3309.15,633.7072,0.14817708333333335,16
RF-19735,Roland Fjeld,Consumer,2341.2960000000003,711.6168,0.38357142857142856,14
RF-19840,Roy Französisch,Consumer,945.222,280.0261,0.18606060606060607,11
RH-19495,Rick Hansen,Consumer,3621.376,563.7877,0.33791666666666664,8
RH-19510,Rick Huthwaite,Home Office,6979.18,1289.4535,0.2889583333333333,12
RH-19555,Ritsa Hightower,Consumer,740.382,0.30570000000000075,-0.47638888888888886,3
RH-19600,Rob Haberlin,Consumer,2085.7400000000002,172.6261,0.18003246753246754,11
RK-19300,Ralph Kennedy,Consumer,1460.192,269.688,0.29385416666666664,8
RL-19615,Rob Lucas,Consumer,6234.91,488.14840000000004,0.0761297852474323,24
RM-19375,Raymond Messe,Consumer,1453.474,392.1499,0.3161111111111111,9
RM-19675,Robert Marley,Home Office,5979.0960000000005,1902.5438,0.32601010101010103,11
RM-19750,Roland Murray,Consumer,98.35,28.6879,0.34500000000000003,2
RO-19780,Rose O'Brian,Consumer,3815.478,-1262.5716,-0.17677579365079366,12
RP-19270,Rachel Payne,Corporate,954.6452,59.5384,0.1432230392156863,12
RP-19390,Resi Pölking,Consumer,5153.084,465.2503000000001,0.12386666666666667,25
RP-19855,Roy Phan,Corporate,2170.716,594.5868,0.11411111111111112,15
RR-19315,Ralph Ritter,Consumer,615.932,-73.835,-0.014642857142857148,4
RR-19525,Rick Reed,Corporate,3302.2619999999997,721.6826,0.29525,10
RS-19420,Ricardo Sperren,Corporate,3221.29,633.4514,0.3244444444444444,9
RS-19765,Roland Schwarz,Corporate,4159.7699999999995,1206.3851,0.18946428571428572,14
RS-19870,Roy Skaria,Home Office,22.328,9.5838,0.4408333333333333,3
RW-19540,Rick Wilson,Corporate,7397.401,1586.6273,0.16914251207729467,23
RW-19630,Rob Williams,Corporate,3279.746,698.8325,0.08765624999999999,16
RW-19690,Robert Waldorf,Consumer,3495.646,707.5503,0.23166666666666666,15
SA-20830,Sue Ann Reed,Consumer,4767.3415,610.1496000000001,0.17611111111111113,21
SB-20170,Sarah Bern,Consumer,1348.02,157.6658,0.011309523809523799,7
SB-20185,Sarah Brown,Consumer,6410.996,885.4624,0.1987202380952381,12
SB-20290,Sean Braxton,Corporate,8057.891,-2082.7451,-0.06857843137254901,17
SC-20020,Sam Craven,Consumer,3362.9636,-317.0508,-0.06875144175317187,17
SC-20050,Sample Company A,Home Office,4624.572,1011.7443,0.025333333333333347,15
SC-20095,Sanjit Chand,Consumer,14142.334,5757.411899999999,0.2630681818181818,22
SC-20230,Scot Coram,Corporate,4371.958,440.141,0.19749999999999998,11
SC-20260,Scott Cohen,Corporate,3729.7929999999997,671.0033999999999,-0.05892156862745098,18
SC-20305,Sean Christensen,Consumer,3979.065,229.1617,0.1563392857142857,12
SC-20380,Shahid Collister,Consumer,5992.536,236.66149999999996,0.040333333333333325,20
SC-20440,Shaun Chance,Corporate,1874.9979999999998,379.5611,-0.008333333333333331,10
SC-20575,Sonia Cooley,Consumer,902.7280000000001,100.2253,-0.3123809523809524,7
SC-20680,Steve Carroll,Home Office,1254.64,370.1578,0.3575,8
SC-20695,Steve Chapman,Corporate,2576.408,611.8291,-0.11285714285714282,14
SC-20725,Steven Cartwright,Consumer,5226.21,1276.6513,0.1201923076923077,26
SC-20770,Stewart Carmichael,Corporate,4492.657,-671.1874,-0.15306122448979592,21
SC-20800,Stuart Calhoun,Consumer,279.25600000000003,51.8252,0.24300000000000002,5
SC-20845,Sung Chung,Consumer,280.632,31.1757,0.2,4
SD-20485,Shirley Daniels,Home Office,6121.114,1985.1671999999999,0.20217498110355253,21
SE-20110,Sanjit Engle,Consumer,12209.438,2650.6769,0.19394736842105262,19
SF-20065,Sandra Flanagan,Consumer,763.546,228.1623,0.23952380952380953,9
SF-20200,Sarah Foster,Consumer,3422.786,286.9046,0.17977777777777776,15
SF-20965,Sylvia Foulston,Corporate,3336.5350000000003,539.9352,-0.06354575163398693,17
SG-20080,Sandra Glassco,Consumer,3406.5809999999997,570.438,0.2713235294117647,11
SG-20470,Sheri Gordon,Consumer,1884.798,-119.0105,0.1032936507936508,14
SG-20605,Speros Goranitis,Consumer,3124.8320000000003,463.269,0.23288461538461538,13
SG-20890,Susan Gilcrest,Corporate,47.946,-3.7073000000000005,-0.5015000000000001,5
SH-19975,Sally Hughsby,Corporate,3406.8395,558.4739999999999,0.15981237322515213,29
SH-20395,Shahid Hopkins,Consumer,2180.718,-144.5229,-0.004333333333333333,15
SH-20635,Stefanie Holloman,Corporate,2096.392,260.6258,0.1625,2
SJ-20125,Sanjit Jacobs,Home Office,3949.656,144.1189,-0.03355654761904764,24
SJ-20215,Sarah Jordon,Consumer,1341.036,-23.5137,-0.2685119047619048,10
SJ-20500,Shirley Jackson,Consumer,1318.7759999999998,68.09629999999999,-0.14964285714285713,7
SK-19990,Sally Knutson,Consumer,883.409,168.79330000000002,0.08400000000000003,5
SL-20155,Sara Luxemburg,Home Office,3053.012,527.9715,0.016944444444444453,9
SM-20005,Sally Matthias,Consumer,244.494,-26.5927,-0.020000000000000028,6
SM-20320,Sean Miller,Home Office,25043.05,-1980.7393000000002,0.07777777777777777,15
SM-20905,Susan MacKendrick,Consumer,1043.041,-237.2885,-0.05347222222222222,6
SM-20950,Suzanne McNair,Corporate,5563.392,581.5742,0.19051767676767675,22
SN-20560,Skye Norling,Home Office,1860.4180000000001,-716.8565000000001,0.11983333333333333,15
SN-20710,Steve Nguyen,Home Office,3127.9592,481.74989999999997,0.22986731534719151,19
SO-20335,Sean O'Donnell,Consumer,2602.5755,-81.0858,0.1899074074074074,15
SP-20545,Sibella Parks,Corporate,1306.086,-118.77570000000001,-0.26975000000000005,10
SP-20620,Stefania Perrino,Corporate,5440.319,-270.42819999999995,-0.014250992063492054,24
SP-20650,Stephanie Phelps,Corporate,1872.436,268.4782,0.19511111111111112,15
SP-20860,Sung Pak,Corporate,4282.94,566.72260000000006,0.07270833333333333,24
SP-20920,Susan Pistek,Consumer,3990.689,14.692400000000005,-0.07954931972789114,14
SR-20425,Sharelle Roach,Home Office,3233.481,-3333.9144,-0.29169312169312167,9
SR-20740,Steven Roelle,Home Office,4345.886,1990.4243999999999,0.35000000000000003,12
SS-20140,Saphhira Shifley,Corporate,1324.028,332.3487,0.15047619047619049,21
SS-20410,Shahid Shariari,Consumer,3056.807,-1010.9738,-0.18895833333333334,12
SS-20515,Shirley Schmidt,Home Office,613.4,199.93449999999999,0.3383333333333333,6
SS-20590,Sonia Sunley,Consumer,418.49,135.5401,0.30444444444444446,9
SS-20875,Sung Shariari,Consumer,964.636,-75.586,0.02994444444444445,15
ST-20530,Shui Tom,Consumer,433.34,84.4419,0.09166666666666666,12
SU-20665,Stephanie Ulpright,Home Office,2595.364,763.4719,0.22593253968253968,18
SV-20365,Seth Vernon,Consumer,11470.95,1199.4242,0.1320920138888889,32
SV-20785,Stewart Visinsky,Consumer,4105.305,485.0272,0.0947190476190476,25
SV-20815,Stuart Van,Corporate,1271.0900000000001,199.6502,0.17333333333333334,6
SV-20935,Susan Vittorini,Consumer,1903.491,106.8912,0.06096153846153844,13
SW-20245,Scot Wooten,Consumer,1085.078,-19.60620000000001,-0.10538888888888889,10
SW-20275,Scott Williamson,Consumer,1966.6499999999999,332.8725,0.3221428571428571,7
SW-20350,Sean Wendt,Home Office,1019.044,95.83829999999999,0.037638888888888875,6
SW-20455,Shaun Weien,Consumer,2921.544,793.6548,0.31166666666666665,9
SW-20755,Steven Ward,Corporate,758.6959999999999,68.2416,0.2765625,8
SZ-20035,Sam Zeldin,Home Office,3625.329,366.4303,0.03767261904761905,20
TA-21385,Tom Ashbrook,Home Office,14595.62,4703.7883,0.14500000000000002,10
TB-21055,Ted Butterfield,Consumer,1467.881,390.2113,0.3608575837742504,18
TB-21175,Thomas Boland,Corporate,3589.296,829.1635,0.2334090909090909,11
TB-21190,Thomas Brumley,Home Office,816.1740000000001,179.00379999999998,0.3277777777777777,4
TB-21250,Tim Brockman,Consumer,1602.376,260.6155,-0.016842105263157905,19
TB-21280,Toby Braunhardt,Consumer,2198.4500000000003,490.9567,0.2633333333333333,11
TB-21355,Todd Boyes,Corporate,834.328,268.967,0.3217307692307692,13
TB-21400,Tom Boeckenhauer,Consumer,9133.99,2798.3689,0.2973529411764706,17
TB-21520,Tracy Blumstein,Consumer,4737.486,-1603.0451,-0.008958333333333344,20
TB-21595,Troy Blackwell,Consumer,1387.559,-136.4091,-0.03833333333333333,7
TB-21625,Trudy Brown,Consumer,2797.668,379.882,0.06654761904761905,15
TC-20980,Tamara Chand,Corporate,19052.218,8981.323900000001,0.21291666666666667,12
TC-21145,Theresa Coyne,Corporate,1038.26,265.5332,0.23500000000000001,4
TC-21295,Toby Carlisle,Consumer,4266.812,606.3727,0.14140624999999998,16
TC-21475,Tony Chapman,Home Office,1244.976,119.10399999999998,-0.19,11
TC-21535,Tracy Collins,Home Office,742.558,217.933,0.18816666666666668,10
TD-20995,Tamara Dahlen,Consumer,1434.548,88.1897,-0.10677083333333334,16
TG-21310,Toby Gnade,Consumer,3058.372,682.1704000000001,0.05944444444444444,9
TG-21640,Trudy Glocke,Consumer,2074.661,365.7205,0.18424999999999997,10
TH-21100,Thea Hendricks,Consumer,2422.824,-135.21249999999998,0.16297619047619047,7
TH-21115,Thea Hudgings,Corporate,2942.772,-252.5539,0.06604497354497355,9
TH-21235,Tiffany House,Corporate,1022.201,92.729,-0.02196886446886448,13
TH-21550,Tracy Hopkins,Home Office,4234.0960000000005,-571.9678000000001,0.24653846153846154,13
TM-21010,Tamara Manning,Consumer,2955.226,573.3013,0.2538157894736842,19
TM-21490,Tony Molinari,Consumer,1094.6779999999999,292.521,0.24812499999999998,4
TN-21040,Tanja Norvell,Home Office,3130.221,-692.0452,0.004097222222222238,12
TP-21130,Theone Pippenger,Consumer,4454.0560000000005,1129.1261,0.09453125,16
TP-21415,Tom Prescott,Consumer,5329.0048,-1087.3898,-0.7791092436974789,10
TP-21565,Tracy Poddar,Corporate,1936.6399999999999,139.22869999999998,0.012499999999999997,10
TR-21325,Toby Ritter,Consumer,675.942,220.36440000000002,0.38857142857142857,7
TS-21085,Thais Sissman,Consumer,4.833,-3.3156,-0.6833333333333333,2
TS-21160,Theresa Swint,Corporate,2163.6240000000003,260.8744,-0.0029621848739495834,17
TS-21205,Thomas Seio,Corporate,5371.09,862.8877,0.05824561403508774,19
TS-21340,Toby Swindell,Consumer,974.782,-184.97889999999998,-0.09645833333333333,12
TS-21370,Todd Sumrall,Corporate,11891.751,2371.7144000000003,0.07795673825085592,15
TS-21430,Tom Stivers,Corporate,2054.14,48.70169999999998,0.1875,7
TS-21505,Tony Sayre,Consumer,2243.274,11.37789999999999,-0.01375,14
TS-21610,Troy Staebel,Consumer,2820.424,-294.6981,-0.2546212121212121,11
TS-21655,Trudy Schmidt,Consumer,3368.094,220.91629999999998,-0.12397959183673468,14
TT-21070,Ted Trevino,Consumer,4915.602,751.9567,0.28339285714285717,14
TT-21220,Thomas Thornton,Consumer,1427.0439999999999,278.7371,0.011500000000000024,15
TT-21265,Tim Taslimi,Corporate,439.5,93.9162,0.25,3
TT-21460,Tonja Turnell,Home Office,5364.808,1124.4999,0.18464285714285714,14
TW-21025,Tamara Willingham,Home Office,5278.826,737.3905,0.22520833333333332,12
TZ-21580,Tracy Zic,Consumer,1707.286,224.8887,0.27416666666666667,9
VB-21745,Victoria Brennan,Corporate,2005.596,371.2398,0.08077777777777778,10
VD-21670,Valerie Dominguez,Consumer,6442.254,1617.7874,0.21828125,16
VF-21715,Vicky Freymann,Home Office,847.944,-96.27799999999999,0.2894155844155844,11
VG-21790,Vivek Gonzalez,Consumer,846.01,143.6268,0.220625,8
VG-21805,Vivek Grady,Corporate,427.372,-52.333,0.22083333333333333,6
VM-21685,Valerie Mitchum,Home Office,2454.866,513.5269,0.21208333333333332,12
VM-21835,Vivian Mathis,Consumer,380.69,116.6373,0.24479166666666666,8
VP-21730,Victor Preis,Home Office,993.9019999999999,205.3888,0.2295,5
VP-21760,Victoria Pisteka,Corporate,3360.526,-1018.7768,0.08495748299319729,14
VS-21820,Vivek Sundaresam,Consumer,1055.981,-262.8093,-0.6292410714285714,8
VT-21700,Valerie Takahito,Home Office,1736.596,-224.0889,-0.10740740740740738,9
VW-21775,Victoria Wilson,Corporate,6134.0380000000005,-874.6645,0.11594576719576719,18
WB-21850,William Brown,Consumer,6160.102,714.3311,0.01851351351351351,37
XP-21865,Xylona Preis,Consumer,2374.658,621.23,0.31947420634920637,28
YC-21895,Yoseph Carroll,Corporate,5454.35,1305.629,0.2671875,8
YS-21880,Yana Sorensen,Corporate,6720.4439999999995,1778.2923,0.236875,12
ZC-21910,Zuschuss Carroll,Consumer,8025.707,-1032.1490000000001,-0.20102918586789556,31
ZD-21925,Zuschuss Donatelli,Consumer,1493.944,249.1307,0.25833333333333336,9
